id,answer
17066,0
2463,0
19286,1
45398,0
23452,1
41965,0
18786,1
11568,1
13857,1
11838,1
21590,0
8470,0
35502,0
708,1
47105,0
26893,0
27298,1
41156,0
39866,1
23445,0
42585,1
39979,0
31938,1
5977,1
29206,1
46396,1
26391,1
33206,1
1165,0
585,1
10490,1
50024,0
2726,1
8182,0
21647,1
22718,0
32540,0
40184,0
26749,0
4086,0
11475,0
9444,0
24287,1
22590,0
33620,1
46368,1
14748,1
18962,0
16313,1
18057,1
3541,1
51524,0
25314,0
24540,1
44111,1
10540,0
25845,1
39319,1
28148,0
41020,1
16386,1
30888,0
13656,1
28996,0
24414,1
28045,1
13095,0
13611,1
31227,0
16425,0
6184,1
3617,0
23044,1
35156,0
44956,1
28819,1
35215,1
17009,0
48362,1
15204,0
41392,0
20135,0
18585,0
33929,0
44293,1
21707,1
26976,0
35445,1
6034,1
41917,1
44558,0
27583,0
4212,0
47559,1
11153,0
33240,1
36585,0
6347,1
3564,0
20616,1
33048,1
30812,0
4244,0
21798,1
3221,1
47321,0
26575,0
7414,1
20090,0
16941,1
9887,1
34089,1
47549,1
49164,1
16886,0
33633,1
51591,0
29526,1
32778,0
2996,0
41191,1
31768,0
31049,1
40367,0
23975,0
47426,1
48047,0
37648,1
22132,0
31364,1
3120,0
18031,0
37475,0
3834,0
21544,0
13426,1
51476,0
26938,0
16159,0
35448,1
23298,0
4969,1
11812,1
28265,0
42325,0
8224,0
34703,1
51352,1
385,0
46046,1
31272,0
147,0
31429,1
25704,1
51208,1
26644,1
41217,0
36602,0
45624,1
21757,1
50771,0
45684,1
39117,0
7132,1
9634,1
24334,0
28826,0
3085,0
35107,1
24155,0
4828,1
4724,1
29470,1
35907,0
28442,0
8739,0
33841,1
36227,1
14653,1
4252,0
42613,0
33643,1
1792,1
212,0
28338,0
39732,0
33059,0
7916,1
21073,0
4813,0
10639,0
49856,1
5525,1
8586,1
8665,1
890,1
29507,0
5625,0
19721,0
7891,1
45942,1
33264,0
23436,0
43127,1
13153,1
46330,1
41902,0
12157,1
7161,1
5367,1
33510,1
42390,1
32672,0
46085,0
13168,0
13497,1
41335,0
43630,0
45559,0
48444,0
17385,0
8331,0
34537,0
37424,0
22344,1
27006,0
46973,1
17686,1
11504,0
664,0
16213,1
22752,0
36709,0
23947,0
37964,1
22087,0
24316,0
6132,0
10803,0
8238,1
8654,0
39501,1
7024,0
42610,0
33507,0
21867,0
18083,0
2445,0
35193,1
35074,0
28361,0
3653,0
26922,0
46162,1
35511,1
45798,1
15118,0
46584,1
26021,0
5828,1
6788,0
46668,1
4207,1
36601,1
3402,0
37518,1
10153,1
36522,1
25660,0
38676,1
429,0
17418,0
46308,1
10708,1
12858,0
31747,0
19452,1
23848,0
19753,0
36829,0
46793,1
15507,0
9845,0
32789,0
19780,0
3780,1
30407,0
48369,1
1811,1
47966,1
40762,0
33762,0
11429,1
36640,1
48802,0
51112,0
21003,1
543,0
27905,1
12005,1
47031,0
9008,1
28698,0
25062,0
23657,1
1164,1
7324,1
15880,0
29314,1
12557,0
9538,1
36798,0
879,0
37350,1
22652,1
33727,0
25984,0
27927,0
7678,1
40,1
19647,1
30110,0
45877,0
13238,1
24787,0
30553,1
18238,1
10945,0
33258,0
34191,1
4248,1
27017,0
23182,1
27811,1
22147,1
48171,0
19771,1
43276,1
13623,0
7220,0
48976,0
30756,1
44088,1
42021,1
35437,0
45791,1
3016,1
1477,0
7335,1
43559,0
11373,0
44839,0
16113,1
38341,0
39726,1
41564,0
29797,1
50049,1
199,1
11262,0
12081,0
29563,1
28433,1
5436,1
29804,0
26259,1
13449,0
15526,0
43236,1
19625,0
42017,0
40532,0
39254,1
11832,1
21974,0
39268,1
3609,0
19732,1
32693,1
1227,1
35940,1
17827,0
20912,0
9851,1
50787,1
43931,1
14001,1
41633,1
37724,1
22790,0
27969,0
14006,0
41481,0
926,1
27936,1
43248,0
22897,1
10406,0
6232,1
41558,0
35741,1
17541,0
33275,1
11247,1
13983,0
47348,1
23728,1
36550,1
49915,1
50144,1
19882,0
6994,1
46535,1
30079,1
18502,1
45125,0
36039,1
27679,0
43848,1
29731,0
40302,1
18863,0
26827,1
19414,1
39235,1
30288,1
15191,0
31146,0
2549,0
38922,0
33497,1
35555,0
12708,1
33604,0
27700,0
34755,1
42424,1
6921,1
40046,0
34575,1
14198,1
34355,0
31762,0
26079,1
46934,1
13980,1
19007,0
50180,1
37998,0
8569,0
4092,0
49107,1
29386,0
2322,0
3227,0
11076,1
33999,0
681,1
23458,1
6976,1
34309,0
8368,1
32456,1
38943,1
18177,0
430,1
16768,1
27533,1
6434,1
32251,1
476,1
49280,1
4775,0
26235,0
36800,1
33274,1
43792,0
46641,1
34988,0
40414,0
44496,1
32030,1
10734,0
21549,0
44901,0
10241,1
28480,1
22657,0
19486,1
21178,0
25635,0
7673,0
13477,0
17023,0
884,1
22153,1
49657,0
22256,0
48277,1
51283,0
20370,1
15747,0
46818,1
38937,0
18137,1
46998,1
33995,0
35706,0
50134,0
3661,1
18329,0
672,0
42680,1
22000,0
21211,0
26410,1
48983,0
50195,0
15969,0
19832,1
28171,1
16841,0
4689,1
24390,0
4408,1
9494,1
34045,0
30165,1
12958,1
33137,1
182,0
33992,0
41053,0
50573,1
10474,0
998,1
30664,1
15910,0
29268,0
8045,0
10657,1
48460,1
22512,1
34500,0
22451,0
23964,1
32545,1
38817,0
49628,1
45887,0
6515,0
27714,1
46564,1
51795,1
49211,1
8784,0
14165,1
14881,0
12586,1
33835,1
50552,0
27887,0
18107,1
29626,0
30757,1
19822,1
50594,0
5931,1
21570,0
14273,0
34128,1
12995,1
13757,1
5739,1
9167,1
49044,0
48239,0
1590,1
22901,0
18795,1
29957,0
47665,0
17672,1
36474,1
44909,1
27591,1
42587,0
7932,1
33619,1
38156,0
6742,0
18466,1
44576,0
21495,0
13256,0
45075,0
46865,1
6676,1
30084,1
40804,0
25603,0
17679,0
4046,1
8639,0
33705,0
16026,1
19602,0
17342,0
19740,0
50891,0
43625,1
5011,1
5864,0
39573,0
24612,0
30922,0
45825,1
42503,0
6705,0
12623,0
29428,0
12966,0
1793,0
3593,0
40148,0
6322,1
42901,1
32455,1
9767,0
29893,1
13558,0
10445,0
27763,1
28733,0
6427,1
36416,0
33369,1
32365,1
7144,1
32967,0
12340,1
38584,0
37645,0
3426,0
31930,1
33228,1
23677,1
37558,0
29643,1
35811,0
33707,0
48643,1
37682,1
13758,0
3419,0
40241,0
35391,1
36851,1
12570,0
43437,0
43910,0
41103,0
1005,1
24901,1
8318,0
23026,1
7360,1
1655,0
22339,0
4162,1
14233,1
31214,0
18844,0
23000,1
44223,1
37652,1
18149,0
39693,0
49678,0
27595,0
12736,0
33426,0
16332,1
12759,0
15110,0
44359,0
34218,0
24103,1
11466,1
12522,0
8786,0
18152,1
20777,0
35197,0
38511,0
35579,0
50781,1
31572,0
43892,0
21512,0
20793,1
23276,0
32134,0
13542,1
18233,0
48814,0
42303,0
44019,1
31729,1
19529,1
27450,1
28154,1
26137,1
49725,1
14575,0
39264,1
17479,1
13118,1
44624,0
16933,1
47589,0
41585,1
17248,0
12913,0
14061,0
42632,1
31431,0
20646,1
41453,0
50752,1
47277,0
26742,1
7920,1
13462,1
32085,1
33777,1
45840,0
36236,1
6915,1
44733,0
39908,1
37092,1
40499,0
44396,1
7078,1
10993,1
36257,1
7149,1
51783,1
10074,0
21228,0
24443,0
47026,0
15135,0
24362,0
4168,1
39175,0
7342,1
44585,0
4788,0
35520,1
21945,0
23297,1
28427,1
51491,1
4614,0
45712,0
13314,1
51458,1
37391,1
17708,0
892,1
45135,0
22924,0
39325,1
37870,1
6736,1
1603,1
4016,0
26364,1
27677,1
30918,0
12229,1
27438,0
32056,1
37025,0
5035,0
23005,1
19034,0
43449,1
34399,0
4130,1
3222,0
6400,0
20650,1
21489,1
15769,1
1163,0
13371,1
2729,1
8194,1
40625,0
28416,1
11591,0
49625,1
31327,1
50387,1
19258,1
21779,1
45308,0
34058,0
36619,0
17557,1
34074,0
22346,1
39610,0
30393,0
11487,1
20969,1
25386,1
37795,0
16115,0
22221,0
8850,1
17192,0
41927,1
20477,1
32623,1
49236,0
26254,0
28579,0
19635,1
24878,1
13876,1
18596,0
7475,1
9199,1
50643,0
36763,0
29498,0
40628,1
12179,1
27339,0
1864,0
10632,1
27198,1
25414,1
26743,1
41699,0
29474,1
28999,0
28298,1
27338,1
46835,0
41510,0
39558,1
24997,0
42611,0
45709,0
17779,1
48241,0
2982,0
21995,0
45014,0
16857,1
17838,1
23389,1
16742,0
23399,1
17239,1
9553,0
49544,0
40237,1
43376,0
18785,1
5087,1
16871,1
10476,0
24915,1
45892,0
50682,0
24165,0
16989,0
47358,1
7142,0
27639,1
50699,1
6648,1
13360,1
5114,1
14585,0
13099,0
33391,0
14720,0
31201,1
23899,0
7064,0
10542,1
18486,1
47239,0
14976,1
11376,0
17363,1
43385,1
27611,1
5159,0
34799,0
2593,1
15404,1
38916,0
11331,1
35229,0
44663,0
1276,1
45977,1
47482,0
39580,0
27954,0
15214,0
34194,1
34734,1
43503,1
20974,0
6193,0
6576,1
29037,1
36968,0
48898,1
42308,0
50981,1
35521,0
30243,1
23449,1
30963,0
26106,1
47543,0
38509,0
31861,0
4855,0
21130,0
6522,1
4304,0
3037,0
23872,1
31264,1
24433,1
8188,0
13424,1
10636,1
40079,1
28956,1
40516,1
15539,0
14168,0
3493,1
12058,1
24626,0
38082,1
3095,0
31840,1
30212,1
24100,0
16887,0
12136,0
42392,0
35117,0
17089,0
43930,1
41714,0
103,0
46465,0
31083,0
43612,1
6340,1
16540,1
26891,1
21696,1
24319,1
35875,0
5045,1
30198,1
23541,1
7168,0
2135,0
4265,1
40848,1
45834,0
40018,0
5803,0
34134,0
34223,0
44712,1
44356,0
39798,0
46274,0
2672,0
29479,1
6478,0
4580,1
40490,0
38808,1
32354,0
17210,1
31343,0
46853,0
34267,0
29422,1
5718,0
14606,0
38470,1
24372,0
36879,1
48159,0
31175,0
39158,1
49551,0
42216,0
26537,0
32380,1
48157,1
46585,1
4976,1
16316,0
35188,1
12903,1
5847,0
47274,0
41058,1
38471,1
28592,1
1661,1
32631,1
32318,0
26463,1
1812,0
42579,0
7272,1
36733,1
25620,0
26117,0
15381,1
28458,0
13553,0
47508,1
18555,0
36111,1
15897,1
24735,1
51660,1
2247,1
6896,0
48471,1
11044,0
32841,1
32404,1
19437,0
17901,0
25667,1
10533,0
33156,0
21247,0
8481,0
8477,1
30047,0
42486,1
14851,1
26961,1
27359,0
30405,1
34342,1
26552,0
49589,1
50689,0
31396,1
40314,0
20713,0
14631,0
39513,0
6075,1
50093,0
9061,1
2975,0
17122,0
5205,1
26889,0
42104,1
3168,0
28962,1
27168,1
22137,1
20726,1
19537,1
24961,1
36625,0
28452,1
37757,1
5169,1
21499,1
33388,1
5733,1
38223,0
22124,0
30758,0
35975,0
27535,1
35655,0
25983,0
32523,0
37273,1
5026,0
46016,0
33814,1
20443,1
17345,1
3928,0
10656,0
4155,1
14960,0
34637,1
15578,0
17912,1
17814,0
9931,1
38604,1
43398,1
7175,1
853,1
19253,0
3030,0
2741,1
29836,1
15054,1
19227,1
32855,1
48356,1
15423,0
3502,0
39492,0
5086,0
20057,0
32652,0
45924,0
1053,1
23403,0
50721,1
10742,0
51207,0
13871,1
29111,1
18215,1
48560,0
2360,0
38117,0
41356,0
49121,0
3001,1
9055,1
49896,0
40213,1
41660,0
43770,1
28650,1
13610,1
2338,0
34307,1
20879,1
32509,0
31997,1
36789,0
11744,1
2851,0
23316,1
48533,1
11660,1
25953,0
314,0
8537,1
27683,0
8428,1
32546,0
48977,1
26830,1
47643,0
35388,1
16049,1
8517,0
15855,0
49805,1
20788,0
27070,1
21979,0
2493,0
38544,0
4021,0
2098,1
35359,0
35130,0
46704,0
1632,1
40326,1
24062,1
659,1
821,1
24303,1
33692,1
14829,0
44057,1
25320,0
5572,0
3154,1
5466,1
50176,0
9246,1
17726,0
51187,0
26413,1
49417,0
31167,1
29922,0
46958,0
34916,0
42072,0
43017,1
26822,1
25736,1
15142,0
48711,1
7183,0
36872,0
49379,1
33963,1
114,1
7772,1
45078,0
4347,1
29014,1
43932,0
4070,1
29966,1
292,1
18885,1
725,1
44133,1
36965,1
34871,0
25315,1
10045,1
22648,0
26789,0
2008,0
43384,1
36016,0
16002,1
13075,1
26166,0
18046,1
21406,0
18418,1
40990,1
29941,1
8161,0
47330,1
32303,0
9207,1
21547,1
49286,0
13863,0
8904,1
32824,0
46098,0
50469,1
29770,1
80,0
1608,0
31002,0
41385,0
4315,0
22583,0
17998,0
19136,0
36183,1
33945,0
37961,0
45354,0
21203,1
2530,1
25663,0
22795,1
39702,1
24051,1
27861,0
5908,0
2210,0
13486,0
16539,1
15694,1
34240,1
14314,1
33781,0
34067,1
42981,0
19756,0
2830,1
1599,0
44592,0
9267,1
13370,1
46051,1
48108,1
28318,0
18198,0
27646,0
46041,0
27576,1
47251,0
33940,0
26422,1
22198,0
9060,0
30961,0
38577,0
9420,1
12628,1
11048,0
50098,1
23593,1
7478,1
17466,0
30864,0
15725,0
50528,1
49031,0
13451,1
15917,0
44025,0
25797,1
32260,0
50586,1
19548,1
38992,0
19444,1
26513,1
20848,1
44320,0
10253,1
12639,0
37850,0
24237,0
17202,1
6161,1
6311,0
39517,1
19970,0
31361,1
29598,1
26468,1
21595,1
19015,1
37649,1
1390,0
24613,1
34403,0
12892,1
1901,1
22712,1
18925,1
30928,1
45139,1
2515,0
19120,1
6373,1
6585,1
45189,0
36908,0
3776,1
50710,1
41270,0
4884,1
44795,0
19111,0
30235,1
30899,0
24840,0
50039,0
33013,1
27800,1
23835,0
43714,1
7918,0
23028,0
10583,1
24637,1
26768,0
11015,1
23918,0
4407,0
43256,1
41924,1
6687,0
8528,1
20392,1
26043,0
32143,0
27813,0
23802,0
22716,0
39387,0
6348,1
10276,1
25369,1
34021,1
39822,0
45922,0
39934,0
50208,0
29458,1
5235,1
27633,1
22230,0
7229,1
17039,0
7621,1
5975,0
33464,1
40259,0
43860,0
18274,0
11682,0
32820,1
32168,1
48162,0
27204,0
50219,0
40371,0
16451,0
21743,0
32484,0
4064,1
9523,0
12640,0
31825,0
3863,0
36465,0
5754,0
34685,1
24407,0
16398,1
48882,0
12899,1
31867,1
6747,1
27707,1
18778,0
27568,1
45903,1
29296,0
12403,1
44722,0
40289,1
41845,1
19485,1
51259,1
4669,0
9561,0
47947,0
51035,0
44361,1
35034,1
37937,0
14598,0
22468,1
13818,1
11024,0
21235,0
46152,0
6623,1
2362,0
4269,1
9807,1
41921,1
9059,0
51827,1
46156,0
33452,0
7479,0
3035,0
17419,1
30822,1
18741,1
22772,1
19608,1
4,1
13609,0
28785,1
2476,0
38483,1
927,0
28504,0
37206,0
34327,0
50849,1
35839,1
49373,1
22833,0
18063,0
10660,1
20627,1
26873,0
13608,1
3308,1
46602,0
17782,1
22270,1
2710,1
3263,0
1498,0
28017,1
23206,1
3882,0
8492,0
38711,1
17348,1
44431,0
40350,1
50607,1
39916,1
28560,1
46299,0
32206,1
10817,1
14528,0
35462,0
19559,1
38056,1
19711,0
46502,1
11757,0
28749,0
23338,0
46684,1
20834,0
48967,1
4740,0
46769,0
22393,1
48507,0
43685,1
39070,1
34277,1
28928,0
13963,0
29325,1
30994,0
49765,1
38195,0
39849,0
51478,0
16298,1
9621,0
14200,1
12981,0
41482,0
48246,0
42784,1
25066,1
3861,1
49778,1
48934,1
6720,0
5216,1
50853,0
9679,0
21123,0
4513,1
46548,0
687,1
21843,0
28465,1
48618,1
5227,0
19841,0
31408,0
51752,1
44563,0
14403,1
47991,0
9792,0
6418,1
25730,0
46004,0
17521,0
25750,0
43923,0
10949,0
44123,1
37351,1
15679,1
22807,1
45370,0
38430,0
5369,0
38061,1
42902,0
6329,0
41456,1
11625,0
37155,0
49767,0
1822,1
35259,1
35780,0
46288,0
45534,0
37918,0
42764,1
6972,0
43015,1
4448,0
5920,0
38421,0
17893,1
34439,0
43935,0
50777,1
47778,0
43212,0
50116,1
50501,0
11069,0
5488,0
7327,0
22581,1
5712,1
47455,1
22134,1
40872,1
38369,0
35095,0
5683,1
43538,0
29010,0
15780,1
36516,1
26772,1
34544,1
28585,0
22783,1
32105,0
2885,1
28201,1
25278,1
10587,0
29254,1
47873,1
46490,0
34833,0
33215,0
1414,0
12037,0
37515,0
24865,1
20418,0
30940,0
5396,1
37287,1
10254,0
22892,0
41837,1
28866,1
12350,1
39053,1
42245,1
13290,1
49520,1
32960,1
46036,0
8479,0
10202,0
23737,1
8247,0
3431,0
14299,1
19365,0
44171,0
50995,1
33379,0
19001,1
43629,0
30148,0
12653,0
12609,0
1985,0
34411,1
29929,1
43683,0
12285,1
10421,0
17713,0
22753,1
21284,1
51147,1
6954,1
28720,0
21681,0
14049,0
32515,1
13464,1
17644,0
37877,1
24963,1
12790,0
47902,1
22548,1
30997,0
8760,1
23927,1
5633,1
41590,0
10665,0
12440,1
18698,0
20285,0
51425,0
11165,1
14158,1
11601,1
1030,1
42175,0
50772,1
14545,0
24651,1
41404,1
36151,1
8976,0
22871,1
39506,0
26024,0
10508,1
27187,1
5294,0
44252,1
7258,1
16889,0
50751,1
27876,1
43141,1
21049,0
25056,1
46124,1
15594,1
13396,0
12689,1
44841,0
28356,0
31650,1
28898,1
30420,0
39089,0
13995,0
11321,1
45662,0
19166,0
31255,0
13504,0
6933,0
24261,0
1219,0
3751,0
2298,0
19235,1
15121,1
19261,1
48550,0
45703,1
48853,1
37746,0
12692,0
8907,0
8875,1
47394,0
26951,0
18977,1
50159,0
25410,1
28825,0
17515,1
28516,0
40822,1
13150,1
17786,1
18475,1
19044,0
508,0
3697,0
1003,0
23965,1
12290,0
29642,0
3758,1
40915,1
23141,0
40319,0
16178,0
43546,0
26286,1
22325,0
31985,1
4108,0
38502,0
37559,0
1507,1
13552,1
14430,1
27274,0
1253,0
28846,1
1406,1
45034,0
36530,0
28476,0
18870,1
21039,0
36791,0
13289,0
26600,0
15597,0
27141,1
34910,1
25077,0
14109,1
36362,1
48700,1
15298,1
20770,0
3180,1
10163,0
38200,0
27859,0
22470,1
23875,0
10577,0
17808,0
33162,0
34769,0
50572,1
40790,1
32727,1
42225,0
29012,0
28117,0
15681,0
29611,0
19849,1
42769,0
36286,0
44035,0
20401,1
26610,1
18332,0
13752,0
50832,1
21022,1
34481,1
1039,1
32905,0
24129,1
24629,0
23680,1
4475,0
32173,1
6484,0
46202,1
21023,1
47594,1
27047,0
14337,1
5874,0
6809,1
20833,1
35855,0
42365,1
6230,0
14740,1
42983,1
49905,1
10629,0
44287,0
43665,1
42487,1
30040,1
45810,0
42338,1
10135,0
22535,1
18527,0
1483,0
34649,1
23720,0
21317,0
28765,1
469,1
33296,0
45809,0
780,1
11897,0
21934,1
19685,1
43228,0
37631,1
48723,1
36696,0
29830,0
31838,0
4850,0
12266,1
10192,1
15215,1
19904,1
31034,0
6974,0
19027,0
19789,1
1298,1
18248,0
24924,1
7456,1
22714,0
48466,0
32186,1
43231,0
17220,0
4128,1
28503,1
48296,0
31535,0
1721,1
47000,1
2907,1
25533,1
47337,1
3715,1
32956,0
45878,0
1118,1
6215,1
24830,1
8409,1
46578,0
45852,0
30959,1
8257,0
9951,0
5921,1
6067,1
19424,0
49060,1
48019,0
44212,0
10393,1
31671,1
45122,0
44725,0
48223,0
38018,1
32897,1
32512,0
47868,1
27063,1
11592,0
12006,0
20820,1
28581,0
15938,0
35300,1
26009,1
41070,1
41197,0
48360,0
48497,1
24105,1
41391,1
37255,0
34071,0
41419,0
10239,1
28836,1
46340,1
48382,0
1138,0
13183,1
9324,1
13251,0
19714,0
11028,0
11562,1
9195,0
26236,0
22624,0
24780,1
3939,1
32024,1
10941,0
34339,0
13717,1
9985,1
6550,1
18848,0
45499,1
19492,0
44000,1
14018,1
48795,0
10504,1
20832,0
35998,0
31620,0
40714,1
50410,0
48672,0
5747,0
33813,1
48028,1
33732,0
29247,0
38300,1
47922,0
30475,1
10388,0
23881,1
11634,0
35695,0
15253,0
47001,0
31699,1
7270,0
23008,0
9006,1
31961,1
8023,0
24389,1
41780,0
44780,0
14065,1
30250,1
11734,0
16157,1
16921,0
17895,0
32850,1
11275,0
28821,1
36604,0
35392,0
31490,0
44575,1
29599,0
21114,1
26186,0
16570,1
21373,0
16591,1
45021,0
47989,1
25082,1
277,1
26126,1
16694,0
38431,0
28339,1
24050,0
30274,0
10593,1
21749,1
50938,1
2638,0
1486,1
4091,0
32396,0
7760,0
25080,0
49542,0
17496,1
20204,1
19883,1
27951,1
30833,1
46094,1
44715,1
33627,0
36061,1
15269,0
32358,0
42720,1
4039,1
27565,1
11841,1
14658,0
48422,1
23018,1
37786,1
24862,0
15946,0
51581,1
41506,0
41460,1
48630,1
29623,1
26692,0
10947,1
13728,0
33488,0
16754,0
9331,0
18664,0
3519,0
40989,1
41686,0
24513,1
11436,1
47579,0
24068,0
9632,1
8557,1
27276,1
35705,0
1731,1
38772,1
3418,1
44598,1
3375,0
3025,1
30247,1
42656,0
9955,1
12635,0
37568,1
35708,1
2191,1
24810,0
43137,1
42704,1
24084,1
14381,0
35451,1
38717,1
13920,1
262,1
47395,0
22216,0
28043,0
28596,0
19265,0
22930,1
6930,1
45165,1
26810,1
33531,0
9326,0
43955,1
48180,1
6059,1
42385,0
51574,1
39871,1
51385,0
38662,1
21597,1
34088,0
30032,0
22781,0
22603,0
14966,1
41970,0
4264,0
38052,1
38747,0
20212,0
4894,0
48993,1
18338,0
38872,1
26602,1
32411,0
31277,0
17871,1
39445,1
11921,0
41446,0
30046,1
17874,0
1584,1
9459,0
2432,0
36430,0
25361,1
6528,1
19375,0
39633,0
6188,1
6181,0
20357,0
47973,1
30258,0
48123,0
41540,1
19819,0
35288,1
40481,1
43851,1
10407,0
30709,1
48753,0
11472,0
50280,0
5370,0
19428,0
9084,0
33321,1
17963,1
34967,0
38325,0
37578,0
42950,1
6201,1
48256,1
16817,1
27171,0
50813,1
49490,0
11208,0
21342,0
10901,1
2189,1
38053,0
35860,0
38860,0
15258,1
36056,0
12469,1
7411,0
24197,1
41476,1
21978,0
8658,1
7915,0
19706,0
14539,0
985,0
28551,0
49061,0
21935,0
36388,1
37979,0
44480,1
49399,1
37240,0
14794,0
39715,1
36874,1
20496,1
22779,0
43774,0
1900,0
46909,0
28786,1
12181,1
15382,0
34123,1
17979,1
47261,0
35158,0
26764,1
49983,0
13205,0
32884,1
46621,0
48122,1
30583,1
37858,1
40191,0
10741,0
22526,0
6995,1
23830,1
23673,0
48106,1
33336,0
41578,1
46543,1
15809,0
4759,0
29779,0
43434,0
34913,0
41437,0
34219,0
23945,1
9793,1
6748,0
10104,1
41309,0
46702,0
18661,1
47419,0
51335,1
47956,0
20395,0
37184,0
11098,0
8970,0
2494,0
15119,1
23603,1
51410,1
34514,1
20376,1
3732,0
28828,0
22955,0
3737,0
25085,0
6390,1
36070,1
32605,0
16658,1
19138,0
22544,1
49160,1
13013,1
1288,0
11385,0
10989,1
35330,0
28472,0
9480,1
26643,0
35159,1
26800,1
30128,1
31374,1
35869,1
39595,1
19214,1
34516,0
42839,0
27196,0
20283,0
20552,1
43927,0
46261,1
27305,0
51807,1
35261,0
9192,1
8435,1
8474,0
38997,1
12007,1
18573,1
12496,0
42558,1
25647,0
21656,0
26695,1
11594,1
41208,1
40504,1
17777,1
42726,0
27980,1
17530,1
46946,1
37851,1
41379,1
1400,0
7514,0
14802,0
12052,1
33967,1
41340,1
51361,0
30631,0
40921,1
6175,0
26405,1
9391,1
20231,0
32445,0
12710,0
20676,1
48732,1
37628,1
41572,1
39921,0
7340,0
5010,1
4107,0
22988,1
25419,1
44625,1
9961,0
25281,1
15695,1
19353,1
31723,1
34977,1
416,1
18554,0
24728,0
14401,1
42745,1
46457,1
19705,0
39103,1
23716,0
45739,0
3003,0
9273,0
1644,0
26053,1
35566,1
22698,0
4243,1
40124,1
22672,1
30095,1
40905,0
35587,0
34001,1
22563,0
39399,1
44858,1
32996,1
18566,0
47415,0
29199,0
24307,1
34075,0
167,1
28120,0
37328,1
1640,1
34456,0
41262,0
32801,1
21176,0
8745,0
32763,0
42033,0
31444,0
564,1
27827,1
41339,1
13641,0
37859,1
38696,1
5729,1
16416,0
34373,1
593,1
12092,0
6653,1
27179,0
6752,1
4772,1
26596,1
2893,0
5048,1
3933,1
35296,0
34612,1
35951,1
42559,1
44076,1
43164,0
9410,1
41690,0
20532,1
41224,1
2440,1
27477,0
21351,1
42782,0
6925,1
16687,0
24525,1
1388,0
11901,0
23520,0
33442,0
36819,0
32760,0
2969,0
19834,1
38534,1
22685,0
5371,1
39057,0
47631,0
25415,0
13571,1
19788,0
10824,1
37785,0
22029,0
3850,1
41499,1
2899,1
13911,0
37673,1
2574,0
43381,1
24384,0
31720,1
40508,1
14174,1
33175,1
13556,0
30726,0
628,1
26645,0
47467,1
24971,1
6793,0
17860,1
35719,0
29705,0
41310,0
24238,1
536,1
43380,1
10835,0
3940,0
2541,1
13367,0
34665,1
30507,1
47008,1
12691,1
48869,1
36894,0
46135,0
51559,0
22146,0
43887,0
37236,0
28125,1
21820,1
5541,1
44334,1
44270,1
17172,1
26223,1
26540,0
11062,1
45115,1
36633,1
5152,0
44461,1
3918,0
33221,1
45730,1
15617,0
39840,1
43658,1
38167,0
27978,1
49783,0
19114,1
33474,0
39621,0
15593,0
6262,1
13363,1
22610,0
28058,1
42831,1
41678,0
3467,1
46107,1
36825,0
33323,1
44355,0
50361,0
31204,1
28409,0
12217,1
18754,0
44835,0
39060,1
50672,0
46634,1
26281,1
33393,1
34337,1
22594,1
14277,0
35512,1
27091,0
36557,0
9462,1
11168,0
10242,0
12671,0
40334,0
45608,0
39878,1
6808,1
26198,1
34135,0
34583,0
46302,0
39301,1
44228,0
39572,1
14471,0
47650,1
41872,0
48599,1
31646,0
38527,1
19482,0
43588,1
29925,1
11987,0
40601,1
33200,1
30853,0
12542,1
4384,1
23556,1
39426,0
9829,1
35460,0
27853,0
7474,0
37042,0
51459,0
22996,0
1570,1
28590,0
32218,1
9986,1
42076,0
13602,1
14872,0
37575,1
13674,1
4165,1
49484,0
18353,0
10604,1
30585,0
5692,0
7339,0
44444,0
8191,1
19321,0
23579,1
49677,0
23496,1
48294,0
36223,1
33353,0
39293,0
10598,1
38569,0
35832,1
34478,1
50330,1
41229,0
47178,1
43132,1
10417,1
1122,1
47723,1
27422,0
29787,1
39352,1
28344,1
36414,0
47234,0
15697,1
30667,1
50920,0
28199,1
5411,1
42086,1
1097,1
9141,1
24759,1
43748,0
15200,0
41868,0
439,1
850,1
1438,1
5563,1
35669,0
4892,1
13624,1
17820,1
45950,0
30769,1
20333,1
5876,0
27154,1
20487,0
2022,1
25803,0
6315,0
29200,0
35683,1
33267,1
16647,1
10279,1
8788,1
14811,0
24424,0
3265,1
49198,1
45508,0
651,1
37295,1
16089,0
28657,1
49703,1
11212,1
10099,1
38161,0
14222,1
32865,1
32137,1
11751,1
33222,1
28877,1
22186,1
43916,0
36230,0
39514,1
43283,1
26303,1
36156,0
30612,0
36082,0
41412,1
24823,1
35673,0
37618,0
46764,0
24579,0
36356,0
48708,1
32289,1
19419,0
5770,1
14261,1
40348,0
26912,0
36906,0
16690,1
1278,1
13480,0
40163,1
12187,0
1317,0
27656,1
42463,0
48085,0
2286,0
17825,1
46431,0
4229,0
33750,1
2868,0
46541,0
4524,1
24166,1
4985,0
29131,0
15742,1
40332,0
49472,0
41820,0
13664,0
2069,1
465,1
36083,0
31610,1
51139,0
11483,1
25959,0
49352,1
21519,1
51333,0
46275,0
6056,0
49763,1
28659,0
41527,0
7635,1
7096,1
38589,0
22291,0
15242,0
19021,1
33448,0
40219,0
8870,1
41709,1
44112,1
3836,0
29193,1
17914,1
48306,0
18245,1
3660,0
25114,1
25636,0
13524,0
14933,0
27100,0
5228,0
30159,1
32106,0
49683,1
45477,1
36856,1
38661,0
47470,0
47235,0
13167,1
26159,0
42249,0
9598,1
43268,1
5567,0
38475,1
34352,0
18750,0
39999,0
19461,1
16379,0
40729,0
25999,0
12423,1
32533,0
50917,0
30404,0
10674,1
10439,0
30114,1
15614,1
1444,1
9532,0
45522,1
49002,0
673,0
51582,1
3210,1
24069,1
4995,1
5360,1
30252,1
45037,0
26517,1
30824,1
28474,1
29419,1
34138,0
1536,1
644,1
34536,0
4119,1
332,1
17567,1
9313,1
9134,0
5835,0
38395,0
43172,0
13252,0
19671,0
14871,0
2418,1
12248,1
30439,0
21394,0
51235,0
2110,0
35493,1
6194,0
47293,1
46740,1
38624,1
19240,1
3067,0
30335,1
46078,1
10026,0
6850,0
40571,0
32918,0
29842,0
7126,1
33845,1
18153,1
40589,1
7070,0
34365,0
6702,1
22142,1
33747,0
17894,1
38251,0
36014,0
16264,0
46801,0
36423,1
7427,1
44075,0
16133,1
15294,0
11808,0
19646,0
27792,0
13819,0
50224,1
38184,0
18737,0
25899,1
17491,1
47069,1
15280,1
24932,0
37943,1
36309,1
9069,1
51466,1
484,1
46408,0
28033,1
6848,0
24379,0
24202,0
35783,1
12883,0
22952,1
31798,1
20937,1
35700,1
34334,0
17516,1
6108,1
24775,1
29740,1
7359,0
34906,0
47384,0
45760,0
38721,1
47845,1
12896,1
28875,1
15738,0
34982,0
38286,1
33074,0
12104,0
20314,1
22567,1
43746,1
2522,1
34424,0
12051,0
12933,1
47195,1
27316,0
10852,0
2579,0
11607,0
8668,1
30972,0
25655,0
12950,1
26185,1
30488,1
39013,0
33891,1
28776,1
43122,1
15815,0
11702,1
7217,0
48072,1
13446,1
44788,0
4883,0
47136,1
8648,1
33486,1
19607,0
30643,1
22312,1
26778,1
15949,1
43214,0
34026,1
866,1
8877,1
47663,1
17005,1
29093,1
32119,1
41037,0
39953,1
39540,0
27440,1
49311,0
5751,1
10324,0
34211,1
18606,0
12082,1
4273,1
13033,0
5089,0
35406,0
46547,1
29608,1
45284,0
41666,0
10134,0
1232,0
45231,0
50926,0
9856,1
3955,1
2449,0
38517,1
49699,1
373,1
51796,1
48160,0
24793,1
3377,1
33552,0
18457,1
31804,0
37640,0
42442,0
40979,0
41374,1
10214,0
27234,1
4980,0
9928,1
46943,0
43206,0
16030,1
50645,1
13400,0
41127,1
4157,0
41569,0
1181,0
46225,1
7650,1
29609,0
47081,0
17542,0
37985,0
25915,1
35269,0
43737,0
6948,1
2441,0
13732,0
39432,1
21670,1
50062,1
51365,0
20649,1
35126,0
37928,1
20664,0
47927,1
24871,0
23187,1
18805,1
14888,1
39031,0
1956,1
16162,1
3335,1
28186,1
1704,1
31664,1
19609,0
36513,0
51533,1
8020,0
43152,1
10146,0
12758,1
30550,1
37516,1
36264,1
11839,0
48321,1
18968,0
47138,1
44050,0
47681,1
3570,0
501,1
33026,1
22799,0
10268,1
42792,0
39377,1
12477,0
13700,1
21122,0
25424,0
5395,0
51719,0
505,0
5222,0
38555,0
33671,0
11799,1
1566,0
45528,0
51397,1
38250,1
33811,0
9314,0
4914,0
38849,1
44217,0
14458,0
51115,1
1422,1
36974,0
15505,1
29384,1
13941,0
5872,1
25695,0
34423,0
6839,1
25541,1
33666,0
44211,1
43677,1
44421,1
17432,0
51481,0
1114,1
30983,1
48990,0
40666,1
21410,0
25329,1
21255,0
27054,0
2767,1
49580,1
14361,0
27826,0
22040,1
7616,1
12315,1
12593,0
25355,1
18294,1
50598,1
10342,0
22647,0
37379,1
39527,0
19536,0
48146,1
25961,1
22177,0
31999,1
24670,0
47087,1
19013,1
47137,1
25528,0
30481,1
31322,0
16675,1
36002,1
4060,1
50881,1
20546,1
35313,0
3792,0
49502,0
15971,0
23543,1
9501,1
11550,1
29232,0
36471,1
8510,0
41795,0
5071,0
2608,0
33863,1
27942,0
4449,1
44501,1
44750,0
30277,1
23532,1
40577,0
47020,1
40855,1
15796,0
17867,0
25148,0
25897,0
17351,0
50086,0
20864,0
20137,1
17890,0
12287,1
23463,0
30647,0
29720,1
18012,0
34508,0
43291,1
31604,0
31165,1
14946,1
20757,1
1175,0
22172,1
41361,0
11100,0
16050,0
17922,1
23096,1
50574,0
30392,0
32052,1
42415,1
37934,1
39807,1
43477,0
24676,1
47278,1
22348,0
42023,0
43329,1
35020,0
13832,0
41285,1
20436,1
1334,0
17900,0
45083,0
37759,1
7441,1
40161,0
24542,0
48875,0
26965,0
18465,0
43656,1
27404,0
14005,1
21240,0
39195,1
9253,0
31904,0
48015,0
44142,1
15302,1
43600,0
26138,1
32468,0
13883,0
46365,1
2354,1
3425,1
27049,1
22878,0
49081,0
10512,0
31291,1
16231,0
5345,0
47645,0
15509,0
27131,1
833,1
34145,1
25124,1
29149,1
15262,0
18843,0
47201,0
10883,0
40851,1
50278,0
36406,0
13066,1
23969,0
26773,1
43506,0
8931,1
37460,0
29562,0
26959,1
47379,0
23166,1
12957,0
46144,1
10127,1
9149,1
40519,1
45976,0
3136,1
6429,0
39226,1
38119,0
1941,1
48863,1
11645,1
12619,0
34198,1
49141,0
3156,0
35213,0
40691,0
48128,0
28790,0
6537,1
25586,0
40549,1
14514,1
8279,0
48305,1
25561,0
3104,0
3767,1
9743,1
43758,0
42857,1
19573,1
13862,0
19976,0
48942,0
4704,1
14511,0
1738,1
5537,0
44181,0
28359,0
11958,0
31727,1
27493,0
10999,0
27975,1
43980,0
34772,0
8899,1
16953,0
6778,0
30655,1
4028,0
38036,0
16174,0
22011,0
25309,1
36532,0
8089,1
11029,0
36293,0
43499,1
46648,1
30184,1
12838,1
35564,0
3366,0
13713,0
48315,1
22062,1
45369,1
31060,0
28347,1
38877,1
48297,0
26815,0
7892,1
46897,0
42020,1
28269,1
25119,1
35154,1
11749,1
1680,0
5455,1
30432,1
42266,0
22879,0
16109,0
33008,1
9987,1
18086,1
40533,0
9354,1
41611,1
6,1
26115,1
44101,1
21324,0
26112,0
5373,0
18352,0
40230,0
48410,1
33865,1
28299,0
29078,0
10012,0
39960,0
13631,0
35720,1
25539,1
8618,1
44061,1
7100,1
32268,0
17593,0
22341,0
47366,0
40339,0
34943,0
40482,0
2757,0
36564,1
30304,1
13651,1
47094,0
46311,0
3053,1
33141,1
51426,0
23633,1
454,1
45784,1
22384,0
34615,0
46383,0
51619,1
31409,1
51601,0
16454,0
19270,1
11298,0
5522,1
2344,1
30491,0
38846,1
36817,0
23893,1
47130,0
24786,0
12589,0
44479,1
23759,0
12395,0
17723,1
26949,0
51169,1
41251,0
9769,0
46949,1
49167,1
39444,0
9105,0
21201,0
41502,0
21813,1
38073,0
17224,0
46509,0
40140,0
3382,0
35691,1
11297,0
47460,0
44055,0
10608,1
21433,1
31702,1
14558,0
27013,0
38618,0
39940,1
31258,1
13062,1
23288,0
12257,1
4144,0
9093,0
43895,0
20696,0
31112,1
49380,0
34873,1
11450,1
43776,1
2185,1
39359,1
23615,1
41823,0
10746,1
31292,0
11010,1
47509,1
9536,1
44980,1
31674,1
49045,0
51312,1
22969,1
12038,1
1928,0
20873,0
35722,0
176,1
15662,0
15962,0
7133,0
16511,1
16581,0
3799,1
11834,0
8394,0
14577,0
26857,0
460,1
24221,1
43961,0
28294,1
12335,1
26634,0
31187,0
15541,0
1741,0
2528,1
20037,0
37869,0
36453,0
8180,0
24211,1
2564,1
40236,1
13035,1
22199,0
29730,1
44692,0
45140,0
3272,1
51304,0
21623,0
16916,0
13328,0
20174,1
29060,1
1853,1
41355,1
11099,1
37431,0
46207,0
15480,1
2132,0
9258,0
21484,1
26658,1
19140,0
22643,0
49918,0
3885,1
41822,1
3604,1
22227,1
49616,0
21837,1
20260,1
22552,0
34288,0
14998,1
21528,0
20716,1
16530,1
32945,1
30223,0
36888,0
4859,1
21160,0
27210,1
19718,1
24779,0
32686,0
36582,0
26593,1
51405,0
25497,1
40688,1
5266,0
25952,1
40131,0
48226,0
32984,1
34717,0
6916,0
6892,1
36673,0
33299,0
40808,0
40493,0
4506,0
2213,0
14495,0
30931,1
42665,1
49326,0
37572,0
32139,0
27217,0
4622,0
18035,1
48738,0
914,1
5275,1
34435,0
43366,0
28652,0
41723,0
48446,0
41278,1
9186,1
8886,1
11092,0
7481,1
11868,0
39663,0
6529,1
7592,0
50022,1
330,0
30534,0
29859,0
1670,1
31793,0
37455,0
41479,1
16423,1
41915,0
15838,1
51117,1
35620,1
2399,1
42355,1
43694,0
46193,1
4569,1
25264,1
24669,0
50103,1
44734,1
12429,1
48007,1
13214,1
32757,0
35088,0
34781,1
1180,1
19626,0
34627,1
31859,0
31347,1
31344,1
949,1
51721,1
2531,0
33991,1
39156,0
38639,0
39789,0
21297,0
43878,1
9936,0
44797,1
18184,0
39250,0
37296,0
43956,0
40606,0
15495,1
35981,0
34186,1
6536,0
10936,1
44178,0
48433,1
16974,1
34161,1
36805,0
29339,1
35417,0
31287,0
26682,1
29630,0
37404,0
26929,0
50838,1
16826,0
11178,0
47849,1
28954,1
47646,0
43183,0
17656,1
15666,1
5687,1
33549,0
11296,1
44511,1
43654,1
25013,0
14463,0
14019,0
4305,0
46264,0
31990,1
39604,0
31567,1
37264,0
19408,1
5954,1
11742,0
8692,0
44988,0
8578,0
6821,0
46090,1
7682,1
22621,0
41271,1
37767,0
24270,0
3840,0
31122,0
4890,1
34830,1
2616,0
35054,0
45995,1
27064,0
48991,0
18618,0
29029,0
13649,0
39664,0
39806,1
50042,1
13822,0
44192,0
2854,0
27084,1
33056,0
51791,1
6381,0
29350,0
32678,0
18911,0
44967,1
20510,0
14181,1
39569,0
28119,0
15500,0
32350,1
2436,1
45245,1
31249,0
5348,0
128,0
913,1
7844,1
15499,1
25233,1
43598,1
43215,0
51497,0
22213,1
40147,0
24602,1
7451,0
4810,1
49446,0
3150,1
39130,0
48192,1
8225,0
22971,0
36811,1
5253,0
45754,0
42803,1
46591,1
18905,1
1282,1
22167,1
2182,1
47750,1
50589,0
50946,0
44933,1
25715,0
44706,0
48197,1
2954,1
26545,0
38323,1
45175,1
50996,0
7519,0
37031,1
15680,0
27203,0
21347,0
14791,1
16729,0
46753,1
30248,1
39466,1
35616,0
18182,0
38681,0
25075,0
15433,1
2778,0
381,1
27243,1
36721,0
20728,0
3804,1
5990,1
7789,0
25548,0
35337,0
842,1
28037,0
43788,0
2059,1
24132,0
18129,1
1576,0
3862,1
47913,0
20798,0
40092,1
15998,0
31797,1
2984,1
31953,1
34788,0
47636,1
44804,0
45031,0
20635,0
3118,0
11037,0
43159,0
21940,0
40281,1
24113,0
19568,1
11281,0
39556,1
49034,1
20763,0
28322,1
3494,0
1818,0
27322,1
42837,1
28600,0
44188,0
27592,1
32864,0
47029,1
18707,0
25290,0
31032,0
29719,0
37676,0
24725,0
49351,0
5476,1
1710,0
22280,1
748,0
7511,1
31163,0
8321,1
44720,1
29298,0
6756,1
35207,1
40895,1
1156,0
48335,1
25867,0
50565,1
17356,1
14104,0
40778,1
47728,1
41597,1
37299,0
17026,0
31547,0
47855,1
25987,1
2592,1
48794,1
10653,0
29514,1
36403,0
38620,0
16495,1
19020,1
4829,1
26054,1
26459,1
17416,0
13914,1
22543,1
45863,1
22629,1
12532,1
37161,0
13852,1
35671,0
12618,1
24955,0
51659,0
13488,0
15908,1
19274,0
2561,0
34180,0
7200,0
40619,0
20885,1
43102,0
46670,0
39833,0
44707,1
15981,1
40679,1
24884,1
9736,1
17807,0
31302,1
581,1
3396,1
30150,0
480,0
25980,0
20087,1
28922,1
6413,1
9413,0
12712,1
48693,0
16323,1
8178,0
14532,0
40944,1
1281,1
40513,1
31314,0
17657,1
43866,0
6072,1
50045,1
1372,1
3279,1
29840,1
13683,1
40351,1
5215,1
21063,1
46433,1
14883,1
44981,0
31678,0
21232,0
24577,1
28245,1
50506,0
18218,1
35641,1
19998,0
38260,0
21660,0
10562,1
32129,1
21051,1
40799,0
47830,1
14240,0
14701,0
51772,0
32000,1
43058,1
26334,0
32537,1
22949,0
14944,1
25429,0
18558,1
35624,1
5297,1
14402,1
47479,1
37779,0
45965,0
24224,1
31460,0
36565,0
25828,0
29403,0
12512,1
2791,1
50445,1
42988,1
45016,0
14448,0
22430,0
31038,0
12687,0
7568,0
3698,0
46284,1
44727,1
16635,1
10648,1
31742,1
36361,1
47487,1
20795,0
2276,1
47853,0
44538,0
14831,0
18575,0
42421,0
38863,1
15045,0
42525,1
29653,0
12993,0
22675,0
25996,0
31754,0
49997,1
6558,1
19272,0
12365,1
41841,1
21238,1
3184,0
10732,1
49432,0
8966,0
25384,0
40913,0
9594,1
13293,1
50003,1
42332,0
37168,1
8821,0
29857,1
37954,0
37501,1
36215,0
43915,1
1863,1
20736,0
29196,0
4413,0
32064,0
47785,0
31801,1
22810,0
22283,1
16914,0
33018,0
42022,1
24772,0
20205,0
39665,0
49781,0
50467,1
44726,0
21582,1
231,1
17155,0
36934,0
35922,1
14399,0
5501,0
41405,1
49025,1
22111,1
21358,0
25210,1
8546,0
45708,1
44817,0
10389,0
2004,1
29246,1
8940,0
33876,0
5158,0
28606,0
11854,1
8468,0
36195,0
46498,1
5428,0
17121,1
25214,1
49204,0
42443,1
29490,1
3785,0
29570,0
2793,1
37907,0
41010,0
7306,1
32451,1
30830,0
33962,0
7613,1
33256,1
38921,1
18393,0
35701,1
47272,1
12216,0
23149,0
4326,0
39578,0
18726,1
7180,0
50321,0
5491,1
46757,0
341,0
35606,0
15813,1
35731,1
38561,1
47061,0
46044,1
9194,0
8718,0
22382,0
48501,0
12252,1
3986,0
38583,0
20691,0
5223,1
23413,0
1689,0
37484,1
33265,0
48445,1
39007,0
13709,1
22853,0
655,1
22284,1
8755,0
15610,1
6496,0
8393,0
24768,1
35626,0
6049,1
36341,0
33364,0
8736,0
36449,0
20199,1
31946,1
40540,1
2863,1
6545,0
37751,0
19570,0
27077,0
24906,1
9282,0
31849,0
32617,0
12030,1
8740,1
35682,1
109,1
12261,0
46055,0
42234,0
22577,0
26971,1
45376,0
23685,1
12789,1
7652,0
43577,0
24273,0
35305,0
28498,1
10151,0
49930,1
1954,1
49252,0
29930,1
10210,1
36473,0
2116,0
48045,0
51734,1
40690,1
25722,0
36231,1
16922,0
12695,1
22815,0
49400,0
4196,1
50692,1
41422,1
4246,0
45894,1
26163,1
47884,1
14850,0
39398,0
41301,0
40354,1
18881,0
35884,0
26151,1
4057,0
41441,0
144,1
9403,1
38686,1
42684,1
4672,0
8473,0
46798,1
4573,0
1430,0
41992,1
43072,1
17802,1
43402,0
42718,1
33286,0
48745,0
18495,1
42155,0
28781,1
279,0
30967,1
15230,0
8454,0
44086,0
25593,0
34137,0
11400,1
44653,0
43135,1
62,1
28855,1
16610,1
19387,0
47912,1
1121,1
51330,1
20458,1
45444,0
46512,1
28542,1
10050,1
50797,1
295,0
12662,0
22330,0
20702,1
9506,0
48829,0
18154,0
35266,1
37680,0
36508,0
38446,1
27727,0
16750,1
27517,0
47622,0
2084,1
44852,1
20178,0
29266,0
9580,0
51255,0
22816,0
43903,1
33532,1
41792,0
24896,1
399,1
23879,1
20330,1
7401,0
9902,0
36154,1
13505,0
45230,0
28086,0
27039,1
45537,1
26487,1
46023,1
45585,1
51732,0
4421,1
43940,0
32025,1
37060,0
4139,0
2305,0
21221,1
36969,1
2434,0
13588,0
20987,0
44189,1
6383,0
29821,0
41140,0
34431,0
26428,1
40343,0
41623,1
49563,0
34014,0
33345,0
13943,0
30490,1
32351,1
46780,0
4879,0
12147,0
34603,0
31893,1
28032,0
16366,0
41327,1
26527,0
12230,1
1162,1
31468,1
14880,0
23311,0
38856,0
26753,0
29502,0
46048,1
7625,0
26476,1
30476,1
9960,0
30479,0
18473,0
19719,0
16612,1
7602,1
12083,1
41382,1
21562,0
1671,0
40671,0
11886,1
16810,0
6013,1
25133,1
16140,0
23041,0
19220,1
11224,1
13321,0
47965,1
26992,1
34887,1
38030,1
11521,1
1911,0
7836,0
46582,0
27694,1
7298,0
11821,0
38439,0
4962,0
45780,1
32348,1
28309,0
31907,1
33292,0
9128,1
43128,0
6392,0
36928,1
44568,0
4518,0
26851,0
17095,1
50628,1
35217,0
46159,0
17406,0
46493,1
6769,1
22978,0
13069,1
13835,0
14985,0
16106,0
23480,0
18365,0
48207,0
37262,1
12377,0
42583,0
30207,1
45258,1
609,1
9648,0
43662,1
35002,1
22856,1
28691,0
41763,0
38489,1
35027,1
3798,0
17133,0
19645,0
37666,0
19854,1
27558,1
19499,1
23357,0
47120,0
32048,0
4303,1
10869,0
1687,1
31830,0
39266,0
7356,1
44418,1
5946,0
43622,1
50188,0
50274,1
11668,1
29043,0
7801,0
32572,1
36055,0
37765,1
1226,0
35121,1
12949,0
32148,1
32691,1
11708,0
25331,1
38153,1
40087,1
20082,0
39285,1
18307,1
32662,1
16391,1
41012,0
32091,1
4826,0
49910,1
37836,0
34711,0
17725,0
38821,1
15975,1
4878,1
5034,1
39424,0
41731,1
44021,0
49945,0
39799,0
21027,0
26511,0
9908,0
31341,0
31641,0
9026,0
17004,0
43229,1
4215,0
30145,1
42192,0
6483,0
33401,0
17354,0
45690,1
37935,1
48295,1
47983,0
27423,0
44248,1
14981,0
771,1
14644,0
47635,1
35026,1
35689,0
18112,1
2731,1
51215,1
36502,0
35314,0
15257,1
9592,0
22613,0
45737,0
7596,0
21722,1
646,0
45715,1
21109,1
50629,0
49413,1
15292,1
36325,0
6887,0
32227,1
11499,0
15551,1
6415,0
47457,1
994,0
13469,1
25531,1
20277,1
14940,0
41295,1
46920,0
35508,1
50736,1
16339,1
20216,1
45157,0
42265,1
30478,0
30629,0
35810,0
25696,0
13657,1
15176,1
11337,1
39761,0
43544,0
6802,0
50192,1
423,1
15602,0
41871,1
8613,1
20570,0
12702,0
19516,0
10727,1
41617,1
7949,1
8908,1
8383,1
2055,1
198,0
19972,1
1448,1
3931,1
15101,1
15073,0
8035,0
17880,0
24573,1
6129,1
19527,0
8883,0
5211,0
35189,0
31532,1
11947,1
21080,1
5582,0
8920,0
41656,0
8564,0
47410,1
24664,1
50863,1
9301,0
20021,1
50322,1
4519,0
49233,0
47602,1
47268,0
28431,0
8543,1
22907,1
42159,0
45336,1
22215,1
14804,0
36037,0
24943,1
40777,1
15832,1
38540,0
13389,0
4613,1
35021,1
242,1
3253,0
17258,0
8880,0
13061,0
21970,1
44855,0
37151,1
45403,1
19231,0
38694,1
3539,0
11806,1
25222,0
6225,1
28880,1
39430,0
51521,1
16227,1
13399,0
46325,0
6923,1
3290,0
26982,0
51065,1
49390,0
9020,1
48065,1
15978,0
6939,1
11667,1
4362,1
21428,1
34748,1
42910,0
26763,0
38653,0
30168,1
34,0
45824,0
18068,1
34356,1
7964,1
46256,0
33081,0
35364,0
23602,0
47693,1
40176,1
10463,1
30231,0
8445,1
15871,0
45630,0
49869,0
33739,0
37917,1
39982,0
2900,1
26808,1
33791,1
50253,0
158,0
7895,1
35475,0
21954,0
7544,1
1824,0
50275,0
23635,1
45416,1
18285,1
10609,0
50713,1
36240,0
50288,0
43775,1
44318,0
15612,0
18236,1
7205,1
47759,1
32219,0
41956,0
17816,1
24990,0
7029,0
322,0
5195,1
21619,1
26996,1
20993,0
49196,0
3211,1
51238,0
46282,0
19785,0
25243,0
250,1
28167,1
37336,1
20227,1
13996,0
33511,1
42561,0
9798,1
10092,0
27174,1
26036,1
27781,0
20109,0
482,0
15529,1
6468,1
20775,0
24047,0
33810,0
2874,0
46382,1
18389,1
21167,0
40352,0
47033,1
4469,0
38642,1
27671,0
817,0
7134,1
10613,1
32714,0
8322,1
6656,1
32032,1
17108,0
1850,0
9869,1
34030,1
8893,1
43942,1
36653,1
11189,1
10369,0
16381,0
28479,0
28396,0
5762,1
19105,0
3305,1
26109,0
31640,1
2385,1
25129,0
24562,1
9694,1
4256,1
19104,0
46246,0
40036,1
14384,1
39817,1
36067,0
29651,1
51842,1
46432,0
39174,1
24189,1
45030,1
40648,1
17079,0
25572,0
19985,0
32836,0
428,1
32058,0
12338,0
29413,0
10499,1
6985,0
23734,1
13352,0
11606,1
47976,1
32392,0
51460,1
38632,1
4877,1
38874,1
1856,0
14473,1
32831,0
23367,0
22914,1
8006,1
6128,0
51499,1
45638,0
21907,0
16861,0
6293,1
24482,1
37775,0
30149,1
34038,1
23983,1
44338,1
32253,0
31594,1
24975,0
13787,1
18346,1
26738,1
20442,1
47798,1
35806,0
28196,0
47119,0
20870,1
23522,1
8790,0
18896,0
28782,1
5377,1
15384,1
1866,1
29349,1
21768,0
4058,0
23678,0
7268,1
47267,0
51126,1
4863,1
42836,1
45064,0
7128,0
24688,0
20602,0
24445,1
9932,0
45949,1
8690,1
38277,1
50788,1
8919,1
15724,1
51820,0
14073,1
24625,1
32653,0
6658,1
4459,1
42750,1
1045,0
25211,1
11541,1
1876,0
15719,1
31943,1
45654,1
42868,0
25164,0
2095,1
26002,1
3462,1
32155,0
3919,0
33322,1
37103,1
44966,1
22545,1
39251,0
15572,1
32912,0
40517,0
11878,0
31299,0
51847,0
38376,0
20867,0
45888,0
37337,1
41005,0
26876,1
9146,0
28437,1
44110,1
23948,1
32045,1
5638,1
8344,1
35044,0
7055,1
11813,0
20984,1
39805,0
51242,1
898,0
8836,1
39888,0
25055,0
971,0
10689,1
28822,0
36840,0
48328,1
2372,0
42702,0
46158,1
30793,0
10317,0
9058,1
32178,1
27101,0
16031,1
38692,1
9911,1
36136,1
1012,1
4822,0
33699,1
27237,0
3023,0
28728,0
25971,1
9367,0
29867,0
45885,0
15226,0
38301,1
50965,0
25115,1
34902,0
49173,0
26856,1
8274,0
14409,0
45982,1
36780,1
4783,1
23972,1
4729,1
47373,0
6927,1
28397,1
23006,1
6542,1
7598,1
20408,1
4504,1
38252,1
8375,1
13084,1
9170,0
16864,1
25940,0
28847,1
25311,0
27033,0
45321,0
38208,1
49203,0
10842,0
5707,1
31851,0
2980,0
6573,1
8423,0
24353,0
23352,0
39392,1
34630,1
31716,0
27786,1
31382,0
17689,1
46227,1
5715,0
2325,0
30529,0
48975,0
38309,0
49023,0
35171,1
43120,0
30626,1
15035,0
36400,0
36542,0
9841,0
18655,0
34882,0
37113,1
625,1
50165,0
37235,1
43648,1
25160,0
48893,0
15970,1
32729,0
46303,1
12370,0
22962,1
7686,1
6978,0
49716,1
43863,0
4585,1
17891,0
26063,0
18339,0
44092,1
8451,1
48655,0
34576,0
7982,1
41440,1
43699,1
14682,0
11196,1
1557,0
4348,0
15811,1
11426,0
40463,0
273,0
31244,0
45981,1
43443,0
16947,0
38896,1
8807,0
2174,0
30155,0
9234,1
33587,0
39773,1
46537,1
41072,1
758,0
9988,1
47709,0
11359,0
4982,1
17455,0
47835,1
18370,1
45934,0
39521,0
44921,0
23310,0
47220,0
36562,0
15130,1
39589,1
13242,1
21622,0
35992,1
50354,0
16966,1
43951,1
24254,1
17965,0
6111,0
25728,0
15075,0
37100,1
351,1
36570,0
1291,1
4193,0
25687,1
5528,0
13897,0
27495,1
42459,0
35276,1
9317,1
5264,0
4579,1
46618,0
48954,1
19587,1
8113,1
44951,0
4455,1
8763,0
49700,1
12656,1
4351,0
22461,1
25044,0
34904,1
12421,1
19376,1
29977,1
38186,1
48788,1
70,0
11853,0
9351,1
17193,0
34778,0
44944,0
2902,0
40428,0
38021,1
7143,0
29528,1
558,0
17115,0
14076,0
47412,1
7379,1
51186,1
6779,1
16144,1
